time,latitude,longitude,depth,magnitude,magnitude_type,latitude_error,longitude_error,depth_error,time_error,magnitude_2,magnitude_2_type,event_type,hypo_method,hypo_precision,y,x,z,rupture_length,is_main_event,distance_to_main
2000-06-03 17:54:47.700000,35.68983333333333,140.7465,48.06,6.1,J,0.0083333333333333,0.0136666666666666,1.61,0.19,6.1,D,earthquake,depth free,high manual,85.70118360068244,444.934650722477,67.56316909824695,9.749896377173856,True,
2000-01-01 19:06:31.170000,35.722,140.643,50.03,2.2,V,0.0073333333333333,0.01,1.36,0.16,,,earthquake,depth free,high manual,88.77355072224343,435.36896074128754,68.80069229437824,,False,10.122911053982454
2000-01-04 07:00:20.800000,35.66,140.71183333333332,49.11,1.1,V,0.0135,0.0113333333333333,1.83,0.23,,,earthquake,depth free,high manual,82.25256236169875,441.92381013941423,68.36205675545564,,False,4.64718957601554
2000-01-05 01:30:25.520000,35.676833333333335,140.74783333333332,49.69,1.4,V,0.0131666666666666,0.0131666666666666,1.8,0.23,,,earthquake,depth free,high manual,84.26702518017703,444.99690310480025,69.19660906841199,,False,2.174583148638901
2000-01-05 02:16:23.590000,35.6845,140.727,43.66,1.1,V,0.0105,0.0121666666666666,1.78,0.22,,,earthquake,depth free,high manual,85.04592607911876,443.5721197038758,63.037921308639014,,False,4.771134116074257
2000-01-09 05:58:46.340000,35.68666666666666,140.72133333333335,47.79,1.4,V,0.0121666666666666,0.0123333333333333,1.85,0.23,,,earthquake,depth free,high manual,85.24002825147691,442.7278531773197,67.1149097242244,,False,2.2985987313605443
2000-01-22 18:09:56.800000,35.76116666666667,140.682,46.84,1.5,V,0.0096666666666666,0.0116666666666666,1.8,0.21,,,earthquake,depth free,high manual,93.2811673530536,438.88074234177134,65.90130795924127,,False,9.84214117016852
2000-02-02 22:21:51.640000,35.6785,140.722,46.11,2.5,V,0.005,0.0071666666666666,0.87,0.1,,,earthquake,depth free,high manual,84.3505264242596,442.9654439233816,65.44433162081354,,False,3.192416401662286
2000-02-07 20:53:36.510000,35.672,140.66033333333334,49.11,1.8,V,0.009,0.0108333333333333,1.55,0.18,,,earthquake,depth free,high manual,83.34509694650303,437.2611233671227,67.99963901131059,,False,8.038947218410044
2000-02-12 23:28:13.470000,35.738166666666665,140.68283333333332,45.9,1.4,V,0.0093333333333333,0.0111666666666666,1.81,0.21,,,earthquake,depth free,high manual,90.75461229100276,439.1558199074448,64.96542229301312,,False,8.10433930564487
2000-03-04 06:23:16.670000,35.7215,140.70466666666667,49.78,1.3,V,0.0121666666666666,0.0115,1.71,0.22,,,earthquake,depth free,high manual,88.99410572235449,440.8907744227221,68.98463170869645,,False,5.405259251878912
2000-03-12 04:49:55.880000,35.690999999999995,140.71883333333332,47.85,1.5,V,0.0125,0.0225,1.8,0.3,,,earthquake,depth free,high manual,85.70613151529322,442.4759352223325,67.15735485448728,,False,2.4919854720579604
2000-03-12 04:51:09.990000,35.686,140.691,50.0,0.7,V,0.0266666666666666,0.0206666666666666,,0.12,,,earthquake,depth slice,high manual,85.02032507599843,439.8508384954304,69.10348711231912,,False,5.355492010541914
2000-03-12 08:49:56.370000,35.68683333333333,140.72316666666666,45.05,1.5,V,0.0113333333333333,0.0135,2.0,0.25,,,earthquake,depth free,high manual,85.27949754554153,443.1069989304688,64.3965192568737,,False,3.6804621204137065
2000-03-13 10:35:13.810000,35.7745,140.67416666666665,47.98,2.2,V,0.008,0.011,1.43,0.17,,,earthquake,depth free,high manual,94.70909345383744,438.0194097206836,66.98589156274751,,False,11.370850776808377
2000-03-21 02:20:33.100000,35.71116666666667,140.86316666666667,35.54,1.2,V,0.0118333333333333,0.0116666666666666,1.04,0.16,,,earthquake,depth free,high manual,88.65080738580018,456.23560035929773,55.92597596453684,,False,16.487449990794843
2000-03-21 14:52:23.670000,35.69,140.71283333333332,48.13,2.5,V,0.0071666666666666,0.0103333333333333,1.38,0.16,,,earthquake,depth free,high manual,85.56764524099657,441.9239762930373,67.39389096147767,,False,3.0183850153977487
2000-03-27 02:16:06.690000,35.68533333333333,140.75366666666667,48.78,2.1,V,0.0063333333333333,0.0093333333333333,1.07,0.14,,,earthquake,depth free,high manual,85.23424301127034,445.54212550662425,68.3316174268452,,False,1.0851598781473306
2000-03-27 02:16:49.420000,35.68483333333333,140.73033333333333,49.56,1.2,V,0.0146666666666666,0.0155,2.13,0.27,,,earthquake,depth free,high manual,85.07019762311874,443.40123080433114,68.94307797915305,,False,2.157236303433626
2000-03-28 13:22:24.890000,35.75366666666667,140.6855,48.13,1.2,V,0.0176666666666666,0.0153333333333333,2.34,0.29,,,earthquake,depth free,high manual,92.46245774854768,439.1331883784176,67.21031932908565,,False,8.916069559605697
2000-03-29 11:10:41.420000,35.73416666666667,140.65616666666668,47.56,1.2,V,0.012,0.0116666666666666,2.3,0.27,,,earthquake,depth free,high manual,90.18592862265784,436.66910250809934,66.43234037163346,,False,9.471589032747826
2000-04-02 20:46:40.910000,35.68366666666666,140.72316666666666,49.01,1.6,V,0.009,0.0105,1.34,0.17,,,earthquake,depth free,high manual,84.91195156347369,442.8117610046239,68.34386106157079,,False,2.39562682910369
2000-04-07 11:01:16.690000,35.687666666666665,140.737,47.69,2.1,V,0.0088333333333333,0.0121666666666666,1.48,0.18,,,earthquake,depth free,high manual,85.42125386174504,444.1283215366097,67.12655381250134,,False,0.9587284925721641
2000-04-12 03:05:09.560000,35.657666666666664,140.6745,52.06,4.3,D,0.0063333333333333,0.0093333333333333,1.21,0.14,4.0,V,earthquake,depth free,high manual,81.81630190373264,438.37323043865183,71.0394592190848,,False,8.38028250982762
2000-04-12 04:08:52.780000,35.65983333333333,140.67066666666665,49.5,1.1,V,0.0108333333333333,0.0103333333333333,1.53,0.19,,,earthquake,depth free,high manual,82.04861449737507,438.2197126084816,68.46046264026022,,False,7.696544070539872
2000-04-12 04:36:35.460000,35.652833333333334,140.67183333333332,51.67,4.0,D,0.0061666666666666,0.009,1.22,0.14,3.8,V,earthquake,depth free,high manual,81.27363105872817,438.1923980414525,70.63181203424278,,False,8.630049953226488
2000-04-12 04:48:38.230000,35.665,140.65316666666666,49.36,1.5,V,0.0103333333333333,0.011,1.64,0.2,,,earthquake,depth free,high manual,82.54082448416621,436.6403328796273,68.19829784746476,,False,8.898705903199916
2000-04-15 13:14:39.300000,35.730333333333334,140.69016666666667,49.38,1.7,V,0.0106666666666666,0.012,1.66,0.2,,,earthquake,depth free,high manual,89.90478311759757,439.5802454247367,68.48494459644161,,False,6.869466868698804
2000-04-25 16:00:26.350000,35.81316666666666,140.84650000000002,40.35,1.2,V,0.009,0.0108333333333333,1.07,0.14,,,earthquake,depth free,high manual,99.80364742192798,453.77479531280585,60.62063303868305,,False,18.03403585295884
2000-05-18 17:01:50.400000,35.733333333333334,140.62166666666667,42.38,1.3,V,0.0078333333333333,0.009,1.54,0.17,,,earthquake,depth free,high manual,89.96978473113901,433.9976608260269,61.02695155065416,,False,13.43729300995726
2000-05-19 00:14:20.480000,35.72866666666667,140.632,50.11,1.5,V,0.0116666666666666,0.012,1.96,0.23,,,earthquake,depth free,high manual,89.4591256726048,434.34530888183815,68.8047434064921,,False,11.304768728139592
2000-05-20 02:37:13.860000,35.76433333333333,140.64416666666665,48.26,1.1,V,0.0118333333333333,0.0128333333333333,1.91,0.23,,,earthquake,depth free,high manual,93.45382485898163,435.37883920363663,67.05242480814184,,False,12.315755762167417
2000-05-22 12:45:33.980000,35.6385,140.75133333333332,51.34,1.3,V,0.0193333333333333,0.0165,1.82,0.27,,,earthquake,depth free,high manual,80.05265522110281,445.3922126693949,70.86556829138938,,False,6.559045374218081
2000-05-22 14:53:52.650000,35.653166666666664,140.75466666666668,49.72,1.6,V,0.0133333333333333,0.012,1.5,0.2,,,earthquake,depth free,high manual,81.6900632014228,445.7365101324546,69.27442947609151,,False,4.434013695457784
2000-05-28 21:04:55.360000,35.73916666666667,140.71533333333332,48.79,1.4,V,0.0103333333333333,0.0118333333333333,1.63,0.2,,,earthquake,depth free,high manual,90.99406988950994,441.82190130845385,68.07602718121181,,False,6.161726835410833
2000-05-30 19:29:54.950000,35.652,140.65200000000002,49.48,1.9,V,0.0071666666666666,0.0098333333333333,1.42,0.16,,,earthquake,depth free,high manual,81.10260086056174,436.598010401056,68.30936864759614,,False,9.550044441463463
2000-05-30 19:32:04.160000,35.659,140.66366666666667,48.81,2.0,V,0.0078333333333333,0.0101666666666666,1.37,0.16,,,earthquake,depth free,high manual,81.92853538720361,437.6534348830718,67.72339392960258,,False,8.20211257172524
2000-05-30 20:00:59.230000,35.66083333333333,140.64166666666665,47.32,1.4,V,0.008,0.0088333333333333,1.45,0.17,,,earthquake,depth free,high manual,82.03927135499353,435.79551502769016,66.08387264886127,,False,9.955989178781696
2000-06-01 15:55:41.530000,35.671499999999995,140.71983333333333,49.71,2.9,V,0.0065,0.0095,1.14,0.14,,,earthquake,depth free,high manual,83.55311139291611,442.5266245230266,69.01729522502013,,False,3.5393907921536365
2000-06-03 17:25:50.400000,35.701,140.59683333333334,50.42,0.9,V,0.0171666666666666,0.0136666666666666,2.01,0.27,,,earthquake,depth free,high manual,86.25458148561478,431.3352276523957,68.86546740497796,,False,13.672839424853244
2000-06-04 19:00:27.250000,35.671499999999995,140.67616666666666,45.72,0.8,V,0.0143333333333333,0.013,2.59,0.31,,,earthquake,depth free,high manual,83.37529375703178,438.94258544491527,64.73127591035603,,False,7.0238329196373295
2000-06-04 19:00:40.260000,35.68683333333333,140.643,43.65,0.6,V,0.0113333333333333,0.0101666666666666,2.38,0.27,,,earthquake,depth free,high manual,84.92825433100188,436.05815879774013,62.43594873937387,,False,10.279976515259655
2000-06-04 20:21:45.600000,35.6955,140.722,48.28,1.2,V,0.0136666666666666,0.0138333333333333,1.92,0.25,,,earthquake,depth free,high manual,86.21426844750091,442.69954298802907,67.60886485722459,,False,2.293698050531543
2000-06-05 04:30:39.320000,35.71366666666667,140.7615,46.81,1.4,V,0.0271666666666666,0.0435,3.07,0.35,,,earthquake,depth free,high manual,88.40229061865087,446.23892849360567,66.42658897205723,,False,3.207636826392306
2000-06-05 04:52:52.480000,35.72083333333334,140.72033333333334,40.71,1.6,V,0.011,0.0273333333333333,3.49,0.33,,,earthquake,depth free,high manual,89.03880889276134,443.00749030997093,60.05379658314307,,False,8.440637737544053
2000-06-05 12:42:07.240000,35.67883333333333,140.60299999999998,47.4,0.9,V,0.0083333333333333,0.008,1.53,0.18,,,earthquake,depth free,high manual,83.85274528368892,432.23904566991513,65.89519327099788,,False,12.937436192022409
2000-06-05 17:49:48.440000,35.68033333333333,140.73166666666663,45.36,1.4,V,0.0088333333333333,0.0095,1.27,0.16,,,earthquake,depth free,high manual,84.5996059026273,443.8775702331403,64.76544801249442,,False,3.1871830602356392
2000-06-05 18:46:22.580000,35.69316666666666,140.6755,49.85,2.4,V,0.0068333333333333,0.0095,1.26,0.15,,,earthquake,depth free,high manual,85.74158240146346,438.4402505938092,68.84544928453789,,False,6.619902383759078
2000-06-05 20:03:51.790000,35.69499999999999,140.73866666666666,45.94,2.2,V,0.0055,0.008,0.92,0.12,,,earthquake,depth free,high manual,86.24554132311793,444.3747709041506,65.39455343832776,,False,2.3049261639781617
2000-06-05 21:21:10.790000,35.69083333333333,140.7585,48.51,1.5,V,0.012,0.0146666666666666,1.85,0.24,,,earthquake,depth free,high manual,85.86351846765297,445.9640525259952,68.09738309221252,,False,1.1710701402860424
2000-06-06 00:20:00.370000,35.68733333333333,140.73566666666665,49.28,1.5,V,0.0116666666666666,0.0144999999999999,1.92,0.24,,,earthquake,depth free,high manual,85.3710130883442,443.8853013371543,68.7020380962994,,False,1.5834043369966422
2000-06-06 00:20:24.100000,35.66016666666667,140.72616666666667,45.28,2.6,V,0.0075,0.0113333333333333,1.7,0.19,,,earthquake,depth free,high manual,82.35153501160487,443.5050228940257,64.64569692719581,,False,4.666436034818162
2000-06-06 00:28:42.970000,35.6635,140.71566666666666,46.75,1.2,V,0.0131666666666666,0.0125,1.94,0.24,,,earthquake,depth free,high manual,82.66556453716416,442.4327815107118,66.03669536203999,,False,4.2195325237405035
2000-06-06 02:58:51.110000,35.655833333333334,140.67166666666665,46.66,1.1,V,0.0133333333333333,0.0081666666666666,1.91,0.25,,,earthquake,depth free,high manual,81.62397624457407,438.5533274431364,65.63612595229763,,False,7.813987580391222
2000-06-06 10:20:48.620000,35.67433333333333,140.698,45.36,1.7,V,0.0075,0.0098333333333333,1.37,0.16,,,earthquake,depth free,high manual,83.78681245119229,440.904821366726,64.52650386587119,,False,5.396821033533736
2000-06-06 16:01:57.760000,35.67583333333333,140.66,46.03,1.0,V,0.011,0.0088333333333333,2.16,0.26,,,earthquake,depth free,high manual,83.77977938228166,437.4509466345969,64.92696996910739,,False,8.163771609612652
2000-06-06 16:47:39.300000,35.7305,140.68816666666666,49.33,2.7,V,0.0069999999999999,0.0093333333333333,1.17,0.14,,,earthquake,depth free,high manual,89.91449552430252,439.4048947878461,68.42103735623084,,False,7.0047224078018235
2000-06-06 18:17:30.380000,35.714333333333336,140.7023333333333,50.06,1.3,V,0.0111666666666666,0.01,1.56,0.2,,,earthquake,depth free,high manual,88.19254641450432,440.7003606514688,69.24627785065347,,False,5.193164367508525
2000-06-06 21:39:14.700000,35.678999999999995,140.7345,49.14,2.8,V,0.0061666666666666,0.0086666666666666,1.04,0.13,,,earthquake,depth free,high manual,84.44811048896865,443.8387186913977,68.55360323698443,,False,1.9370645377019247
2000-06-06 21:53:07.430000,35.69933333333333,140.74249999999998,49.09,2.1,V,0.008,0.0108333333333333,1.35,0.17,,,earthquake,depth free,high manual,86.72508977455193,444.4430471845164,68.5623037781636,,False,1.5127220498279215
2000-06-06 22:46:54.470000,35.66383333333333,140.7245,47.15,2.8,V,0.0068333333333333,0.01,1.3,0.15,,,earthquake,depth free,high manual,82.7403085541132,443.18798739694427,66.49810506036346,,False,3.5988852744912725
2000-06-07 01:14:00.350000,35.67933333333333,140.73333333333332,49.07,1.0,V,0.0125,0.0121666666666666,1.93,0.24,,,earthquake,depth free,high manual,84.47990556956333,443.738300263382,68.47555370915123,,False,1.937839035752451
2000-06-07 02:18:34.690000,35.6975,140.6975,47.87,1.6,V,0.0106666666666666,0.0115,1.69,0.21,,,earthquake,depth free,high manual,86.32683613447344,440.53462946564406,67.0269945484755,,False,4.476506595710916
2000-06-07 03:18:16.610000,35.68483333333333,140.73366666666666,48.93,1.2,V,0.0126666666666666,0.0136666666666666,1.8,0.23,,,earthquake,depth free,high manual,85.08814841035056,443.7484907930237,68.33873771828318,,False,1.5441159953872798
2000-06-07 05:15:29.800000,35.72533333333334,140.70883333333333,48.43,2.9,V,0.0063333333333333,0.0083333333333333,1.08,0.13,,,earthquake,depth free,high manual,89.4423742213221,441.3474153225924,67.66886644989674,,False,5.184200710263172
2000-06-07 05:27:28.510000,35.72966666666667,140.692,46.71,1.8,V,0.0076666666666666,0.0106666666666666,1.5699999999999998,0.18,,,earthquake,depth free,high manual,89.85396725508846,439.9570778004014,65.83603874428762,,False,6.7085634478962435
2000-06-07 07:21:31.680000,35.666666666666664,140.7295,48.16,2.5,V,0.0083333333333333,0.0105,1.34,0.17,,,earthquake,depth free,high manual,83.07075268573399,443.5387078303992,67.5405385422023,,False,2.9779750667737277
2000-06-07 07:51:07.440000,35.664833333333334,140.7255,47.77,1.5,V,0.0125,0.012,1.81,0.22,,,earthquake,depth free,high manual,82.8523681351012,443.2226923648814,67.12329236448183,,False,3.352617263569467
2000-06-07 19:57:47.600000,35.6875,140.7315,48.52,1.3,V,0.0116666666666666,0.0138333333333333,1.64,0.23,,,earthquake,depth free,high manual,85.37418707138329,443.5727541594058,67.91483778581959,,False,1.4440775064025677
2000-06-08 03:48:19.310000,35.714333333333336,140.71316666666667,48.11,1.3,V,0.01,0.01,1.54,0.19,,,earthquake,depth free,high manual,88.2511463267567,441.82022824412985,67.37895389072635,,False,4.02937619498153
2000-06-08 05:58:59.610000,35.66733333333333,140.71633333333332,47.94,1.3,V,0.0108333333333333,0.0105,1.5699999999999998,0.2,,,earthquake,depth free,high manual,83.08597014412575,442.37711382774864,67.2278418897194,,False,3.6732520643199473
2000-06-08 17:51:58.250000,35.73383333333334,140.7045,46.47,1.9,V,0.0076666666666666,0.011,1.51,0.18,,,earthquake,depth free,high manual,90.37052719837864,441.06802287402144,65.68572086374246,,False,6.34652601231906
2000-06-08 20:43:49.900000,35.72316666666667,140.713,47.5,1.8,V,0.0116666666666666,0.0133333333333333,2.04,0.25,,,earthquake,depth free,high manual,89.22721179884155,441.8043901534077,66.77092080886253,,False,4.781115292117056
2000-06-08 21:40:31.450000,35.66683333333333,140.701,48.91,1.3,V,0.0141666666666666,0.0121666666666666,1.89,0.24,,,earthquake,depth free,high manual,82.95789864569657,440.9348141210139,68.08629310836598,,False,4.878315683985457
2000-06-08 22:03:00.260000,35.731500000000004,140.72033333333334,49.27,2.1,V,0.0093333333333333,0.0123333333333333,1.5699999999999998,0.19,,,earthquake,depth free,high manual,90.16899709823925,442.2725251549447,68.58861267567495,,False,5.300924873712923
2000-06-09 03:30:04.910000,35.708000000000006,140.70149999999998,49.07,1.2,V,0.0123333333333333,0.0111666666666666,1.6800000000000002,0.22,,,earthquake,depth free,high manual,87.49599329673192,440.73900095787286,68.25267156575381,,False,4.6152174862030035
2000-06-09 23:23:46.470000,35.67516666666666,140.71116666666666,47.04,1.8,V,0.0086666666666666,0.0086666666666666,1.21,0.15,,,earthquake,depth free,high manual,83.93018932181494,441.9434462306767,66.2944425633472,,False,3.7004583591639286
2000-06-09 23:28:11.520000,35.68383333333333,140.714,47.86,1.8,V,0.0078333333333333,0.0096666666666666,1.25,0.15,,,earthquake,depth free,high manual,84.89447095209158,442.0836020245662,67.13250748038658,,False,2.9941164647277043
2000-06-10 00:54:14.180000,35.7425,140.69183333333334,48.03,1.1,V,0.0133333333333333,0.0139999999999999,2.22,0.27,,,earthquake,depth free,high manual,91.26053399169987,439.767565635628,67.15302119648393,,False,7.600879315326853
2000-06-10 01:43:29.470000,35.67933333333333,140.71116666666666,46.33,1.5,V,0.0096666666666666,0.0108333333333333,1.85,0.22,,,earthquake,depth free,high manual,84.39273232029288,441.9763133961001,65.58691339630298,,False,3.790697968613926
2000-06-10 03:45:27.270000,35.73833333333334,140.70683333333332,48.05,1.6,V,0.0105,0.012,1.71,0.21,,,earthquake,depth free,high manual,90.86826332534577,441.1268213724901,67.27807015398982,,False,6.424917014846567
2000-06-10 04:30:56.350000,35.7055,140.6295,50.55,1.2,V,0.0118333333333333,0.0116666666666666,1.93,0.23,,,earthquake,depth free,high manual,86.89330122844927,434.21463325690246,69.2226364907739,,False,10.913008335354442
2000-06-10 19:42:38.450000,35.70366666666667,140.70316666666665,51.68,0.7,V,0.0256666666666666,0.0195,3.43,0.44,,,earthquake,depth free,high manual,87.01294714395247,440.7062631365622,70.86581180057185,,False,5.5233535093628205
2000-06-10 21:00:21.600000,35.6885,140.6745,49.49,0.6,V,0.011,0.0115,1.89,0.22,,,earthquake,depth free,high manual,85.22461026926653,438.4049162298262,68.47910852683235,,False,6.610862252502897
2000-06-10 23:53:10.230000,35.669999999999995,140.71516666666665,46.5,0.7,V,0.0131666666666666,0.0108333333333333,1.64,0.22,,,earthquake,depth free,high manual,83.3809731268126,442.3717969196505,65.7841959289861,,False,3.8879739961408672
2000-06-11 05:12:20.650000,35.674,140.69483333333335,50.87,0.5,V,0.0146666666666666,0.0123333333333333,1.96,0.24,,,earthquake,depth free,high manual,83.7113761176078,440.1907482027698,69.9970111941146,,False,5.6910045056915655
2000-06-11 12:41:19.250000,35.67133333333333,140.722,45.94,1.6,V,0.0086666666666666,0.0096666666666666,1.33,0.17,,,earthquake,depth free,high manual,83.56115219437139,443.0187082083286,65.27446736921905,,False,3.672700061531606
2000-06-11 15:15:17.800000,35.674,140.63783333333333,45.74,0.9,V,0.0095,0.01,1.91,0.22,,,earthquake,depth free,high manual,83.48069341756106,435.50425297803,64.48251829310922,,False,10.166286817467059
2000-06-13 16:52:20.460000,35.68183333333333,140.58583333333334,50.45,1.8,V,0.0065,0.0081666666666666,1.22,0.14,,,earthquake,depth free,high manual,84.0944945524827,430.4552105398827,68.81733469672145,,False,14.622194399177136
2000-06-13 20:20:07.480000,35.68366666666666,140.75083333333333,48.45,2.8,V,0.008,0.0111666666666666,1.29,0.16,,,earthquake,depth free,high manual,85.039296377632,445.3248341545249,67.98234401665867,,False,0.8752402064048523
2000-06-13 21:03:41.600000,35.689499999999995,140.71733333333333,49.13,2.1,V,0.0075,0.01,1.28,0.16,,,earthquake,depth free,high manual,85.52800363639582,442.24939749650093,68.42259067888048,,False,2.8247445266614415
2000-06-14 09:55:19.600000,35.72833333333333,140.71966666666663,48.87,1.6,V,0.011,0.013,1.9,0.23,,,earthquake,depth free,high manual,89.81921912281081,442.2622534824103,68.18463298269897,,False,4.948347292774153
2000-06-15 05:48:05.830000,35.759,140.699,49.21,1.3,V,0.0136666666666666,0.0165,2.32,0.29,,,earthquake,depth free,high manual,93.10413958518876,440.222503426811,68.38324814649792,,False,8.813660935727592
2000-06-15 09:23:54.420000,35.674499999999995,140.68983333333333,46.96,1.3,V,0.015,0.0136666666666666,2.13,0.27,,,earthquake,depth free,high manual,83.7615374256999,440.0489918581515,66.06389608292987,,False,5.4662335659157915
2000-06-15 19:07:27.180000,35.6475,140.6975,48.95,0.9,V,0.0115,0.0095,1.46,0.19,,,earthquake,depth free,high manual,80.8114870945974,440.72611467733503,68.10099152931232,,False,6.473805722466225
2000-06-15 21:39:31.500000,35.709833333333336,140.7133333333333,45.06,1.0,V,0.0098333333333333,0.0113333333333333,1.83,0.22,,,earthquake,depth free,high manual,87.77143745473451,442.1005481926521,64.33909330115796,,False,4.765789852181074
2000-06-16 17:03:37.320000,35.6335,140.70433333333332,54.17,1.0,V,0.0341666666666666,0.0291666666666666,4.03,0.5,,,earthquake,depth free,high manual,79.27968948692845,441.0023459339181,73.35315289640484,,False,9.498553573362171
2000-06-17 09:33:46.600000,35.73233333333334,140.66899999999998,47.52,1.1,V,0.0128333333333333,0.0133333333333333,2.39,0.29,,,earthquake,depth free,high manual,90.0410354434939,437.82708152893616,66.48214592617606,,False,8.39764639390578
2000-06-17 20:26:07.300000,35.733666666666664,140.69216666666668,46.65,1.3,V,0.0081666666666666,0.0093333333333333,1.31,0.16,,,earthquake,depth free,high manual,90.29600411066394,439.95452607452694,65.77806836935083,,False,7.007182146938362
2000-06-17 22:33:40.480000,35.72016666666667,140.718,49.22,1.0,V,0.0116666666666666,0.012,1.72,0.22,,,earthquake,depth free,high manual,88.90991084749979,442.13140116681234,68.5205030362003,,False,4.366992888082067
2000-06-17 23:12:45.750000,35.736666666666665,140.71499999999995,47.87,0.7,V,0.0144999999999999,0.0151666666666666,2.31,0.28,,,earthquake,depth free,high manual,90.72217731246369,441.8786056697473,67.15610356500973,,False,5.8919853671245805
2000-06-17 23:29:48.900000,35.68883333333333,140.74666666666664,48.4,1.9,V,0.0071666666666666,0.0095,1.13,0.14,,,earthquake,depth free,high manual,85.59010902247286,444.92813695094225,67.90319993683835,,False,0.35777222130458386
2000-06-18 09:38:41.340000,35.743,140.64566666666667,49.62,1.2,V,0.0111666666666666,0.0105,1.64,0.2,,,earthquake,depth free,high manual,91.10154067381792,435.5236622291173,68.41420402725913,,False,10.88369520842585
2000-06-18 15:06:07.930000,35.712833333333336,140.6465,50.79,1.7,V,0.0078333333333333,0.01,1.36,0.16,,,earthquake,depth free,high manual,87.77512421938695,435.6721055554911,69.58151655955118,,False,9.704107333233662
2000-06-18 17:32:18.270000,35.674,140.72783333333334,45.7,1.2,V,0.012,0.0141666666666666,1.94,0.25,,,earthquake,depth free,high manual,83.88248578254057,443.5436818757875,65.07676823131402,,False,3.380036295257708
2000-06-19 03:38:47.640000,35.69933333333333,140.58983333333333,50.0,0.9,V,0.0086666666666666,0.0085,,0.05,,,earthquake,depth slice,high manual,86.04233170713421,430.7521709836673,68.39805631029343,,False,14.21112769026867
2000-06-19 16:09:51.640000,35.66233333333333,140.5931666666667,42.79,1.0,V,0.0313333333333333,0.0205,3.51,0.48,,,earthquake,depth free,high manual,82.01000122393663,431.806306059709,61.22981772904619,,False,15.036276150981807
2000-06-19 21:49:56.150000,35.7135,140.71516666666665,47.35,1.1,V,0.0138333333333333,0.0133333333333333,1.94,0.25,,,earthquake,depth free,high manual,88.17218891592995,442.0632111632909,66.6353806640323,,False,3.900233812055742
2000-06-20 01:16:05.840000,35.70183333333333,140.602,42.76,1.1,V,0.01,0.0075,1.12,0.16,,,earthquake,depth free,high manual,86.4063333615778,432.38355490947265,61.26437999755097,,False,14.060653840684374
2000-06-20 10:29:09.640000,35.68083333333333,140.71833333333333,50.95,1.1,V,0.0221666666666666,0.0185,2.88,0.37,,,earthquake,depth free,high manual,84.56910541521741,442.2430806789219,70.24332392854579,,False,3.963506052946455
2000-06-21 22:00:45.450000,35.73916666666667,140.68833333333333,49.94,1.7,V,0.0095,0.012,1.53,0.19,,,earthquake,depth free,high manual,90.8668614182998,439.32399540319153,69.03182398429422,,False,7.766635539380023
2000-06-21 23:01:36.830000,35.63316666666667,140.713,50.81,0.9,V,0.0278333333333333,0.0176666666666666,3.68,0.48,,,earthquake,depth free,high manual,79.2944290002135,442.04249793002134,70.06495714772824,,False,7.461232855907016
2000-06-22 00:21:06.700000,35.687666666666665,140.61233333333334,51.14,0.7,V,0.0103333333333333,0.0098333333333333,1.67,0.2,,,earthquake,depth free,high manual,84.85016420485236,432.7346454029452,69.68948989619243,,False,12.413122248026816
2000-06-22 11:44:50.170000,35.706833333333336,140.66833333333332,43.33,1.0,V,0.0098333333333333,0.0106666666666666,1.9,0.22,,,earthquake,depth free,high manual,87.24821347681576,438.23565428217114,62.29663070945649,,False,8.660616683902083
2000-06-22 12:01:48.880000,35.700833333333335,140.73366666666666,50.79,1.6,V,0.0131666666666666,0.0144999999999999,1.96,0.25,,,earthquake,depth free,high manual,86.84215534953073,443.5121517675947,70.19430173989335,,False,3.201277680278356
2000-06-23 02:00:52.210000,35.74666666666667,140.65766666666667,44.33,0.9,V,0.0105,0.0105,1.73,0.2,,,earthquake,depth free,high manual,91.58880292687158,436.9862357855844,63.22508386694374,,False,10.800941848430794
2000-06-23 02:12:54.470000,35.67516666666666,140.73533333333333,48.24,1.3,V,0.0105,0.0106666666666666,1.37,0.18,,,earthquake,depth free,high manual,84.03349393771823,444.00569662263155,67.66213746574972,,False,1.9115279933455043
2000-06-23 02:18:16.280000,35.67183333333333,140.72766666666666,46.09,1.4,V,0.01,0.0113333333333333,1.54,0.19,,,earthquake,depth free,high manual,83.64111594260005,443.5100178669332,65.46424863163018,,False,3.2678623982895356
2000-06-23 10:55:56.120000,35.70066666666667,140.689,52.25,1.4,V,0.0143333333333333,0.0153333333333333,2.08,0.26,,,earthquake,depth free,high manual,86.61638110872977,439.414794101734,71.33379116816113,,False,6.747147129448128
2000-06-23 15:20:03.660000,35.67883333333333,140.72283333333334,46.05,1.5,V,0.0081666666666666,0.01,1.32,0.16,,,earthquake,depth free,high manual,84.39129768652937,443.0427273053606,65.39045329829494,,False,3.1647858176646166
2000-06-25 21:25:31.910000,35.6785,140.70183333333333,47.33,1.0,V,0.0139999999999999,0.0128333333333333,1.98,0.25,,,earthquake,depth free,high manual,84.25448544929488,441.0689955753618,66.51771630495824,,False,4.257839452191878
2000-06-27 02:05:09.200000,35.694,140.744,48.68,2.5,V,0.0066666666666666,0.0096666666666666,1.12,0.14,,,earthquake,depth free,high manual,86.14612490128403,444.6391456869407,68.16376627094158,,False,0.8037493084644713
2000-06-27 02:19:21.980000,35.714000000000006,140.6798333333333,51.21,1.3,V,0.0121666666666666,0.0111666666666666,1.71,0.22,,,earthquake,depth free,high manual,88.04946124653729,438.60542657732594,70.23410347206372,,False,7.2599846150539875
2000-06-28 14:40:10.690000,35.661833333333334,140.72,48.88,1.3,V,0.0174999999999999,0.0123333333333333,1.74,0.24,,,earthquake,depth free,high manual,82.4922449628848,442.6607142039013,68.19069269305963,,False,3.9826951093084344
2000-06-29 02:16:38.720000,35.72766666666667,140.65,49.58,2.3,V,0.0083333333333333,0.0105,1.43,0.17,,,earthquake,depth free,high manual,89.43130940185284,435.99724606917914,68.401895785226,,False,9.72082830240294
2000-06-30 10:37:34.950000,35.7305,140.63150000000002,48.45,1.5,V,0.0144999999999999,0.0166666666666666,2.05,0.29,,,earthquake,depth free,high manual,89.66787181447532,434.41963714786095,67.14660488267519,,False,11.246050489193872
2000-06-30 22:54:43.800000,35.665,140.72383333333337,49.64,2.5,V,0.0068333333333333,0.0096666666666666,1.18,0.14,,,earthquake,depth free,high manual,82.85517576917208,442.925203562531,68.97560319763728,,False,3.7593361848541655
2000-07-02 01:03:42.720000,35.68333333333333,140.7458333333333,48.46,2.5,V,0.0071666666666666,0.0105,1.34,0.17,,,earthquake,depth free,high manual,84.97991779311975,444.8797362829578,67.9566643404853,,False,0.8234552000509712
2000-07-02 20:03:28.380000,35.66716666666667,140.71916666666667,46.96,1.6,V,0.01,0.011,1.78,0.22,,,earthquake,depth free,high manual,83.0845896874858,442.7083332085022,66.27098750330904,,False,3.6705294786862543
2000-07-02 20:24:30.250000,35.67933333333333,140.729,47.52,1.8,V,0.0083333333333333,0.0113333333333333,1.49,0.18,,,earthquake,depth free,high manual,84.46746719066853,443.4742170004653,66.89964598512182,,False,2.023656531721196
2000-07-02 20:26:59.330000,35.637,140.7398333333333,46.0,1.1,V,0.0131666666666666,0.0133333333333333,2.16,0.25,,,earthquake,depth free,high manual,79.8559510081451,444.79761800214715,65.46053606976521,,False,6.2134199664729
2000-07-02 21:39:20.380000,35.731,140.67283333333333,46.36,1.3,V,0.0095,0.0096666666666666,1.48,0.18,,,earthquake,depth free,high manual,89.91740693690308,438.2671459482885,65.35241879660992,,False,8.192653784391606
2000-07-02 22:37:18.770000,35.739000000000004,140.6335,51.01,1.0,V,0.0186666666666666,0.0155,2.55,0.33,,,earthquake,depth free,high manual,90.5993334722916,434.3526842777411,69.71429008497161,,False,11.857369333110459
2000-07-03 00:23:31.300000,35.661833333333334,140.7445,50.44,1.5,V,0.0123333333333333,0.0125,1.69,0.22,,,earthquake,depth free,high manual,82.59596819486455,444.72369084958433,69.9198607535217,,False,3.9039547054930486
2000-07-05 04:31:10.810000,35.713,140.776,43.24,1.6,V,0.0138333333333333,0.0155,1.92,0.26,,,earthquake,depth free,high manual,88.41310446468196,447.8209737782019,62.97159213608646,,False,6.063658512321425
2000-07-05 20:08:33.200000,35.75266666666667,140.66366666666667,45.56,1.3,V,0.0098333333333333,0.0118333333333333,1.93,0.22,,,earthquake,depth free,high manual,92.27000916350472,437.3925352283075,64.49460844172206,,False,10.461789517331688
2000-07-06 12:58:28.590000,35.6135,140.64633333333333,57.77,1.4,V,0.0323333333333333,0.0188333333333333,4.22,0.58,,,earthquake,depth free,high manual,76.80709990330864,435.6560900290992,76.53513361224961,,False,15.67458326709547
2000-07-07 08:40:23.500000,35.6605,140.67716666666666,50.5,2.0,V,0.0151666666666666,0.0138333333333333,2.42,0.29,,,earthquake,depth free,high manual,82.14681714705009,438.717833536754,69.50310383584504,,False,7.419277835042159
2000-07-07 14:15:19.930000,35.70366666666667,140.71599999999998,42.89,2.0,V,0.0096666666666666,0.0121666666666666,1.96,0.23,,,earthquake,depth free,high manual,87.11422885512837,442.54401524439584,62.19405031548968,,False,6.0447722358687175
2000-07-08 04:57:30.710000,35.675333333333334,140.74116666666666,48.52,1.8,V,0.0118333333333333,0.0126666666666666,1.66,0.22,,,earthquake,depth free,high manual,84.07691388973889,444.5031814135672,67.98275622333041,,False,1.7321868299798282
2000-07-08 11:15:06.490000,35.71183333333334,140.7516666666667,49.47,3.4,V,0.0081666666666666,0.0115,1.33,0.17,,,earthquake,depth free,high manual,88.14198964568455,445.1606923280014,69.00777308162947,,False,2.8452609064111365
2000-07-10 11:15:28.750000,35.739000000000004,140.61366666666666,50.17,3.0,V,0.0068333333333333,0.0088333333333333,1.22,0.14,,,earthquake,depth free,high manual,90.51667917567735,432.64950149346635,68.73879921741602,,False,13.247490154325606
2000-07-10 11:19:20.160000,35.714000000000006,140.58450000000002,46.27,1.2,V,0.0091666666666666,0.0093333333333333,1.72,0.2,,,earthquake,depth free,high manual,87.65403856237059,430.484342808096,64.64417321309955,,False,14.870964269317534
2000-07-10 12:03:33.300000,35.72766666666667,140.61583333333334,49.67,2.7,V,0.0063333333333333,0.0085,1.18,0.14,,,earthquake,depth free,high manual,89.2801037888769,432.94312790435254,68.25335976300553,,False,12.533221946681753
2000-07-10 13:15:25.310000,35.67066666666666,140.69666666666666,43.38,1.0,V,0.0153333333333333,0.0176666666666666,3.12,0.35,,,earthquake,depth free,high manual,83.385236510896,440.9617470641051,62.543041018083656,,False,6.808029108533461
2000-07-15 20:07:36.400000,35.67666666666666,140.744,48.76,1.5,V,0.015,0.017,2.92,0.36,,,earthquake,depth free,high manual,84.23556012409628,444.72956078753543,68.24224054247235,,False,1.6282665883992102
2000-07-15 23:29:25.700000,35.654333333333334,140.73233333333334,47.61,1.2,V,0.0113333333333333,0.0105,1.54,0.2,,,earthquake,depth free,high manual,81.72648349249971,443.9037909393165,67.01206857162539,,False,4.143021196297226
2000-07-16 12:11:08.430000,35.71066666666667,140.6798333333333,50.41,0.8,V,0.017,0.018,2.47,0.32,,,earthquake,depth free,high manual,87.68631204418246,438.686495300232,69.43613780122215,,False,6.818225053490574
2000-07-17 23:13:26.840000,35.703833333333336,140.75366666666667,51.34,0.9,V,0.0143333333333333,0.0123333333333333,1.86,0.23,,,earthquake,depth free,high manual,87.26014639809769,445.23532527309607,70.88517084510268,,False,3.681910617495664
2000-07-18 05:06:55.450000,35.7325,140.6605,53.11,0.9,V,0.0208333333333333,0.022,2.93,0.38,,,earthquake,depth free,high manual,89.99122236633058,436.6314864657718,71.99539327256069,,False,10.343673448826667
2000-07-19 05:01:59.680000,35.69433333333333,140.75033333333334,51.84,4.3,D,0.0078333333333333,0.0125,1.44,0.18,4.1,V,earthquake,depth free,high manual,86.19616801974769,444.9515022056664,71.35889613698217,,False,3.8279024674341824
2000-07-19 05:06:33.650000,35.68366666666666,140.74916666666667,48.63,1.8,V,0.01,0.0133333333333333,1.6800000000000002,0.21,,,earthquake,depth free,high manual,85.03092381459706,445.1618259742508,68.14989574783301,,False,0.9192958920805702
2000-07-19 05:08:51.550000,35.666,140.74066666666664,49.48,1.5,V,0.0115,0.0113333333333333,1.67,0.21,,,earthquake,depth free,high manual,83.04189003387782,444.4345120760991,68.93574301641071,,False,3.034129216245177
2000-07-19 05:13:43.760000,35.6935,140.69416666666666,44.98,1.1,V,0.0148333333333333,0.0136666666666666,2.23,0.28,,,earthquake,depth free,high manual,85.88488537207658,440.48640978116026,64.1220495642151,,False,5.62689056765059
2000-07-19 05:16:17.620000,35.693,140.72116666666668,48.94,1.5,V,0.0151666666666666,0.0141666666666666,2.48,0.31,,,earthquake,depth free,high manual,85.93182578031755,442.5869659857101,68.26065624262546,,False,2.459940599861787
2000-07-19 07:06:56.820000,35.71083333333333,140.6905,46.81,1.4,V,0.0118333333333333,0.0136666666666666,1.96,0.23,,,earthquake,depth free,high manual,87.77055367451639,439.9195417128888,65.9224169997879,,False,5.6679518636920125
2000-07-19 07:32:34.410000,35.699,140.72866666666667,47.6,2.3,V,0.0081666666666666,0.0108333333333333,1.32,0.17,,,earthquake,depth free,high manual,86.63333274174705,443.3286613623261,66.97864354719495,,False,1.9467341795781952
2000-07-19 07:46:49.950000,35.72083333333334,140.64533333333333,47.53,1.2,V,0.0096666666666666,0.0098333333333333,1.74,0.21,,,earthquake,depth free,high manual,88.66839300616714,435.77812388539746,66.32444650229453,,False,9.704676658388856
2000-07-19 10:22:50.100000,35.67766666666667,140.72866666666667,49.25,1.9,V,0.0093333333333333,0.0121666666666666,1.5,0.19,,,earthquake,depth free,high manual,84.27440993115928,443.3169224112552,68.62173938997664,,False,2.4027690391516696
2000-07-19 10:23:33.590000,35.696666666666665,140.753,49.3,2.9,V,0.0076666666666666,0.0103333333333333,1.22,0.16,,,earthquake,depth free,high manual,86.47763961511653,445.37795844076606,68.84616159354037,,False,1.56380159177077
2000-07-19 20:43:11.340000,35.69716666666666,140.72616666666667,48.59,2.7,V,0.0069999999999999,0.0101666666666666,1.19,0.15,,,earthquake,depth free,high manual,86.41518015515948,443.0375434451669,67.94760743232305,,False,2.063152910992125
2000-07-20 01:24:40.700000,35.68266666666666,140.74266666666665,48.11,1.1,V,0.01,0.0101666666666666,1.34,0.18,,,earthquake,depth free,high manual,84.89376834934048,444.62862986775224,67.58517764246524,,False,0.8637433227786384
2000-07-20 09:05:15.300000,35.759166666666665,140.65,48.2,0.9,V,0.0141666666666666,0.012,2.6,0.3,,,earthquake,depth free,high manual,92.91053265280016,435.9319749517531,67.03220134364761,,False,11.545770288052417
2000-07-23 02:48:31.120000,35.693,140.73083333333332,48.47,1.7,V,0.0085,0.011,1.33,0.17,,,earthquake,depth free,high manual,85.9775661512421,443.4865959473551,67.86072214888708,,False,1.5039241217403145
2000-07-23 03:19:15.670000,35.71633333333334,140.71483333333333,44.84,2.1,V,0.0068333333333333,0.01,1.3,0.16,,,earthquake,depth free,high manual,88.49606034234839,442.2156610389158,64.13124692359291,,False,5.194451916545135
2000-07-23 08:25:14.700000,35.68516666666666,140.70666666666665,49.38,1.0,V,0.017,0.0143333333333333,2.42,0.3,,,earthquake,depth free,high manual,85.0014695748114,441.3020080822906,68.59596714358175,,False,3.8408806375293922
2000-07-24 18:01:54.210000,35.709,140.70149999999998,54.6,0.8,v,0.0174999999999999,0.0148333333333333,2.18,0.27,,,earthquake,depth free,high manual,87.57819295637428,440.2983909535833,73.76558095860061,,False,7.9679345913149096
2000-07-24 22:57:11.590000,35.68933333333333,140.68183333333332,48.02,1.3,V,0.0133333333333333,0.0126666666666666,2.0,0.25,,,earthquake,depth free,high manual,85.35602437632507,439.1698965416432,67.06530875766644,,False,5.796498130278538
2000-07-26 00:24:03.270000,35.6935,140.752,49.14,3.0,V,0.0065,0.009,1.06,0.13,,,earthquake,depth free,high manual,86.12494725462938,445.3191650665373,68.67925096428851,,False,1.2542191383093455
2000-07-26 10:07:22.100000,35.57466666666667,140.72616666666667,56.0,1.1,V,0.0655,0.0368333333333333,,0.4,,,earthquake,depth slice,high manual,72.89453248874223,443.131581336433,75.33676851974268,,False,15.089407539056243
2000-07-27 18:48:33.640000,35.71266666666667,140.697,42.08,1.5,V,0.0088333333333333,0.0103333333333333,1.75,0.2,,,earthquake,depth free,high manual,88.025946217112,440.8612308825652,61.253210096153666,,False,7.862115047684889
2000-07-27 21:36:38.710000,35.716166666666666,140.65933333333334,47.41,0.9,V,0.0128333333333333,0.0113333333333333,2.16,0.26,,,earthquake,depth free,high manual,88.21664483073019,437.06218953803545,66.3021541414348,,False,8.360224220779958
2000-07-29 14:50:42.650000,35.67883333333333,140.74216666666666,47.77,2.3,V,0.0083333333333333,0.0113333333333333,1.34,0.17,,,earthquake,depth free,high manual,84.47057656077847,444.63235356065576,67.24244385518685,,False,1.307150313560895
2000-07-30 05:40:53.780000,35.74033333333333,140.59933333333333,49.19,1.7,V,0.0075,0.0086666666666666,1.29,0.15,,,earthquake,depth free,high manual,90.60614640567005,431.43985860239417,67.66254158735802,,False,14.3588979164194
2000-07-30 14:41:18.560000,35.71716666666667,140.627,50.64,3.6,D,0.0061666666666666,0.0085,1.15,0.13,3.4,V,earthquake,depth free,high manual,88.1672242521672,433.92103007712825,69.29650169582025,,False,11.418653077672408
2000-07-31 10:52:31.700000,35.63633333333333,140.71033333333332,46.0,1.3,V,0.0085,0.0081666666666666,1.18,0.15,,,earthquake,depth free,high manual,79.64962376807325,442.1662711252204,65.25102670423222,,False,7.044948860875821
2000-08-01 03:38:11.870000,35.66383333333333,140.73466666666664,46.5,1.4,V,0.012,0.0139999999999999,2.04,0.25,,,earthquake,depth free,high manual,82.78889690449176,444.1471004776956,65.92238033474037,,False,3.434215624464182
2000-08-06 05:50:05.300000,35.66166666666666,140.70266666666666,46.81,0.9,V,0.0144999999999999,0.0105,2.77,0.33,,,earthquake,depth free,high manual,82.4048839016113,441.277492212089,66.00442001594506,,False,5.164310096980705
2000-08-07 12:04:08.660000,35.754,140.67116666666666,47.55,2.3,V,0.0075,0.01,1.34,0.16,,,earthquake,depth free,high manual,92.43876169845193,437.8986142619816,66.53140669767726,,False,9.79618810294049
2000-08-07 22:10:27.740000,35.66466666666666,140.70866666666666,47.21,1.7,V,0.008,0.011,1.63,0.19,,,earthquake,depth free,high manual,82.7607799436756,441.7650664791088,66.44572217915578,,False,4.465526347356327
2000-08-08 09:16:28.410000,35.735166666666665,140.68133333333333,49.16,2.2,V,0.0106666666666666,0.0128333333333333,1.96,0.23,,,earthquake,depth free,high manual,90.39921223493602,438.7830821684251,68.20425529043281,,False,7.766869396949968
2000-08-08 15:35:54.650000,35.69566666666666,140.679,50.65,2.5,V,0.008,0.0106666666666666,1.45,0.17,,,earthquake,depth free,high manual,86.02878508108314,438.6760268067497,69.66783477632292,,False,6.611150706567309
2000-08-09 05:22:49.760000,35.734,140.7235,48.97,1.5,V,0.0103333333333333,0.0135,2.03,0.24,,,earthquake,depth free,high manual,90.4603622327622,442.5646770149806,68.31240968724558,,False,5.369163630070492
2000-08-10 00:21:36.430000,35.69083333333333,140.6845,46.54,2.1,V,0.0081666666666666,0.0115,1.67,0.19,,,earthquake,depth free,high manual,85.54025359641848,439.5157082081739,65.60879817271645,,False,5.762846705765528
2000-08-10 19:54:36.340000,35.744166666666665,140.6695,46.29,1.6,V,0.0083333333333333,0.0108333333333333,1.74,0.2,,,earthquake,depth free,high manual,91.35457537566144,437.90268320570607,65.26159214195344,,False,9.31164121968103
2000-08-11 10:18:52.410000,35.680166666666665,140.6975,42.75,1.8,V,0.0076666666666666,0.01,1.46,0.17,,,earthquake,depth free,high manual,84.43968010902944,441.03316436356926,61.921444371817024,,False,6.974384901696105
2000-08-13 21:30:51.770000,35.754,140.6655,49.56,1.5,V,0.0123333333333333,0.0126666666666666,1.86,0.23,,,earthquake,depth free,high manual,92.40187910883232,437.2362307385949,68.49545785374445,,False,10.248617119631428
2000-08-14 19:55:36.290000,35.779333333333334,140.659,47.78,1.2,V,0.0118333333333333,0.0123333333333333,2.05,0.24,,,earthquake,depth free,high manual,95.1757281983244,436.65631251743406,66.68136925216025,,False,12.612511634814789
2000-08-15 09:58:22.920000,35.71783333333334,140.64666666666665,49.85,2.4,V,0.0081666666666666,0.0106666666666666,1.41,0.17,,,earthquake,depth free,high manual,88.33159131135879,435.73280880874137,68.64624837880562,,False,9.631510787916023
2000-08-15 12:55:32.760000,35.69716666666666,140.616,48.5,0.9,V,0.0121666666666666,0.0113333333333333,2.32,0.26,,,earthquake,depth free,high manual,85.9255433518904,433.2146317564827,67.08387920774862,,False,11.731960648602707
2000-08-15 20:43:07.910000,35.75116666666667,140.64683333333332,48.98,0.9,V,0.0166666666666666,0.0135,2.16,0.26,,,earthquake,depth free,high manual,92.0102915929166,435.63275314947697,67.78594976180692,,False,11.24187588173401
2000-08-16 08:28:01.390000,35.709500000000006,140.6221666666667,51.3,1.3,V,0.0108333333333333,0.0095,1.51,0.19,,,earthquake,depth free,high manual,87.2979430342805,433.4805652742994,69.91979469493543,,False,11.802516610702359
2000-08-17 18:54:09.700000,35.746833333333335,140.6805,47.18,1.4,V,0.0136666666666666,0.0126666666666666,2.28,0.27,,,earthquake,depth free,high manual,91.69245231609496,438.79950252332225,66.22668107546657,,False,8.678798562065362
2000-08-18 02:13:15.820000,35.73716666666667,140.67683333333332,48.35,1.5,V,0.0105,0.0123333333333333,1.78,0.21,,,earthquake,depth free,high manual,90.60405568367058,438.4341877016127,67.36546527935784,,False,8.144523371430145
2000-08-23 04:16:24.930000,35.69483333333333,140.66933333333333,41.58,0.9,V,0.0221666666666666,0.0206666666666666,3.83,0.47,,,earthquake,depth free,high manual,85.93743627949956,438.5279226709797,60.55772342654709,,False,9.496222865604443
2000-08-23 19:06:19.970000,35.692499999999995,140.747,48.59,1.8,V,0.011,0.0126666666666666,1.66,0.21,,,earthquake,depth free,high manual,85.99479974775196,444.9223222395224,68.09527898007235,,False,0.6078678800925049
2000-08-24 05:14:52.400000,35.6615,140.74249999999998,49.65,1.1,V,0.0235,0.0165,2.31,0.3,,,earthquake,depth free,high manual,82.55358321493206,444.6097321336797,69.11810907376271,,False,3.5257337683351713
2000-08-26 11:06:52.180000,35.73716666666667,140.6245,47.51,1.1,V,0.0133333333333333,0.0144999999999999,2.03,0.25,,,earthquake,depth free,high manual,90.37694961062152,433.8317856844831,66.16185326711516,,False,12.128482423213082
2000-08-26 17:42:30.410000,35.71783333333334,140.66383333333334,45.76,1.3,V,0.0085,0.0086666666666666,1.52,0.17,,,earthquake,depth free,high manual,88.4289048141556,437.58345809676814,64.68901647319417,,False,8.351122640148771
2000-08-26 21:16:32.840000,35.718,140.72283333333334,48.57,2.5,V,0.0066666666666666,0.0095,1.11,0.14,,,earthquake,depth free,high manual,88.69626514431677,442.62584779691,67.90648472294001,,False,3.797229255692096
2000-08-28 07:46:19.340000,35.75216666666667,140.66483333333335,45.37,1.5,V,0.0095,0.0103333333333333,1.75,0.2,,,earthquake,depth free,high manual,92.22115965112872,437.51420843715454,64.31327239263426,,False,10.398792237820057
2000-08-30 21:27:45.710000,35.706500000000005,140.6095,49.61,1.1,V,0.0155,0.0139999999999999,2.7,0.32,,,earthquake,depth free,high manual,86.92013973381768,432.4979788214486,68.1464420054555,,False,12.509870875137771
2000-08-30 21:47:33.230000,35.72316666666667,140.64249999999998,48.37,1.3,V,0.012,0.0121666666666666,1.96,0.23,,,earthquake,depth free,high manual,88.90863660640856,435.4471816386145,67.14243731502799,,False,10.023813627287707
2000-08-30 22:16:58.300000,35.704,140.61683333333335,49.64,0.7,V,0.0128333333333333,0.0113333333333333,2.33,0.27,,,earthquake,depth free,high manual,86.67673379581925,433.1634731658288,68.22701377718941,,False,11.830173667834703
2000-08-31 07:49:27.990000,35.65033333333333,140.747,48.06,2.1,V,0.0075,0.0103333333333333,1.29,0.16,,,earthquake,depth free,high manual,81.34995971110075,445.19982852818293,67.56499650960977,,False,4.3592971847922595
2000-09-01 05:32:56.990000,35.73016666666667,140.607,50.64,2.4,V,0.0078333333333333,0.0105,1.45,0.17,,,earthquake,depth free,high manual,89.51158791117989,432.06672255083646,69.15950593469098,,False,13.514845457323796
2000-09-01 06:13:15.880000,35.727000000000004,140.61216666666667,51.62,4.2,D,0.0071666666666666,0.01,1.4,0.16,4.0,V,earthquake,depth free,high manual,89.18016586196262,432.4688107738762,70.17189047755512,,False,13.20249637126603
2000-09-01 06:35:23.440000,35.728500000000004,140.59816666666669,49.86,1.5,V,0.0083333333333333,0.009,1.24,0.15,,,earthquake,depth free,high manual,89.2933986917187,431.34829779706473,68.32031183160329,,False,14.0736015359538
2000-09-01 07:23:02.250000,35.72866666666667,140.59133333333335,49.6,1.8,V,0.0106666666666666,0.0128333333333333,1.83,0.21,,,earthquake,depth free,high manual,89.28324191479786,430.7580083334212,68.01379788230827,,False,14.629128391463455
2000-09-02 10:41:07.500000,35.65683333333333,140.72816666666668,48.68,1.9,V,0.0088333333333333,0.0113333333333333,1.5,0.19,,,earthquake,depth free,high manual,81.97880672237707,443.4332524868026,68.04914451210686,,False,4.043075362778308
2000-09-02 23:26:52.910000,35.715,140.68166666666664,50.48,1.1,V,0.0166666666666666,0.0146666666666666,2.18,0.28,,,earthquake,depth free,high manual,88.17155303306168,438.82061508243385,69.519389347545,,False,6.878295908429299
2000-09-03 00:17:19.570000,35.737,140.69966666666667,48.36,1.3,V,0.0105,0.0115,1.74,0.21,,,earthquake,depth free,high manual,90.68751160984118,440.4706820800541,67.53624729021543,,False,6.6926233899124865
2000-09-06 10:51:15.970000,35.76,140.699,50.86,2.6,V,0.009,0.0121666666666666,1.51,0.19,,,earthquake,depth free,high manual,93.20451784574932,440.08727909971105,70.02833460400363,,False,9.26682671755345
2000-09-06 10:52:58.520000,35.73916666666667,140.6951666666667,53.21,1.2,V,0.0211666666666666,0.0213333333333333,3.08,0.39,,,earthquake,depth free,high manual,90.8791026212712,439.6763558196528,72.33981909736136,,False,8.790727835787042
2000-09-06 14:27:59.500000,35.669666666666664,140.71966666666663,48.58,1.5,V,0.0113333333333333,0.0116666666666666,1.79,0.22,,,earthquake,depth free,high manual,83.35531331945843,442.611162140649,67.88956668817502,,False,3.3178670788513873
2000-09-07 19:52:38.510000,35.7305,140.6405,48.23,2.0,V,0.0076666666666666,0.0096666666666666,1.33,0.16,,,earthquake,depth free,high manual,89.70879298501765,435.2395263937909,66.99008130888328,,False,10.506417007734358
